Date,Capital
2016-06-24,100000.0
2016-06-27,100000.0
2016-06-28,101614.269
2016-06-29,102723.9513
2016-06-30,103093.6018
2016-07-01,102312.854
2016-07-05,103050.2978
2016-07-06,102987.2074
2016-07-07,104155.6182
2016-07-08,104263.4899
2016-07-11,104697.6588
2016-07-12,104792.8649
2016-07-13,105501.1906
2016-07-14,105495.5577
2016-07-15,105745.5539
2016-07-18,105781.055
2016-07-19,106524.4656
2016-07-20,106381.9661
2016-07-21,106816.5497
2016-07-22,106464.0876
2016-07-25,105989.1887
2016-07-26,106003.5239
2016-07-27,106185.9581
2016-07-28,106319.7806
2016-07-29,106277.5394
2016-08-01,105806.9403
2016-08-02,106029.414
2016-08-03,106234.213
2016-08-04,106916.5307
2016-08-05,106760.1473
2016-08-08,106545.7689
2016-08-09,106277.9606
2016-08-10,107487.0108
2016-08-11,107378.7182
2016-08-12,107611.8242
2016-08-15,106679.8953
2016-08-16,106823.1151
2016-08-17,107055.0678
2016-08-18,107130.2906
2016-08-19,107238.0527
2016-08-22,107620.2337
2016-08-23,107189.4806
2016-08-24,106691.1679
2016-08-25,106638.7434
2016-08-26,107165.9471
2016-08-29,106706.0547
2016-08-30,106486.8429
2016-08-31,106562.034
2016-09-01,106873.2536
2016-09-02,107118.0675
2016-09-06,106936.217
2016-09-07,106870.0901
2016-09-08,104642.5127
2016-09-09,106375.0089
2016-09-12,104681.7019
2016-09-13,104995.6478
2016-09-14,105965.7621
2016-09-15,105246.1514
2016-09-16,105603.4807
2016-09-19,105869.7274
2016-09-20,107365.4692
2016-09-21,108191.9489
2016-09-22,107498.7046
2016-09-23,106773.5982
2016-09-26,107672.2312
2016-09-27,108448.9795
2016-09-28,107218.9792
2016-09-29,108282.4147
2016-09-30,107892.194
2016-10-03,107596.6821
2016-10-04,108074.1286
2016-10-05,108208.8179
2016-10-06,108027.9143
2016-10-07,108723.2787
2016-10-10,107890.9885
2016-10-11,107767.1031
2016-10-12,107332.4358
2016-10-13,108087.442
2016-10-14,107627.8137
2016-10-17,108093.2078
2016-10-18,108229.9151
2016-10-19,108194.6046
2016-10-20,108574.3514
2016-10-21,108805.126
2016-10-24,108896.6419
2016-10-25,108907.3199
2016-10-26,108747.3622
2016-10-27,109107.0314
2016-10-28,109093.6229
2016-10-31,108298.1281
2016-11-01,108042.0742
2016-11-02,107632.5483
2016-11-03,107429.3929
2016-11-04,109613.2315
2016-11-07,110541.6103
2016-11-08,112485.0727
2016-11-09,111616.2225
2016-11-10,115358.6057
2016-11-11,114994.904
2016-11-14,116138.1697
2016-11-15,115854.1046
2016-11-16,116370.6233
2016-11-17,116266.0843
2016-11-18,117009.6742
2016-11-21,117110.1994
2016-11-22,116701.9927
2016-11-23,117335.0427
2016-11-25,116507.2134
2016-11-28,116223.451
2016-11-29,115915.6769
2016-11-30,114395.4716
2016-12-01,114569.9108
2016-12-02,115796.6462
2016-12-05,116145.9433
2016-12-06,118094.6883
2016-12-07,118434.3154
2016-12-08,119180.8094
2016-12-09,118275.7183
2016-12-12,119505.3561
2016-12-13,118611.6873
2016-12-14,118836.1417
2016-12-15,118718.7457
2016-12-16,118753.3747
2016-12-19,118712.9699
2016-12-20,118549.207
2016-12-21,118472.6007
2016-12-22,118546.678
2016-12-23,118644.1195
2016-12-27,118000.6137
2016-12-28,118222.5212
2016-12-29,117843.1302
2016-12-30,118416.0284
2017-01-03,118865.171
2017-01-04,118888.0596
2017-01-05,119260.2904
2017-01-06,118792.858
2017-01-09,118489.3141
2017-01-10,119098.771
2017-01-11,118649.5986
2017-01-12,118881.2379
2017-01-13,119426.395
2017-01-17,119930.577
2017-01-18,119488.2506
2017-01-19,120075.5151
2017-01-20,120156.6402
2017-01-23,120254.445
2017-01-24,120900.3207
2017-01-25,120891.2944
2017-01-26,121366.3455
2017-01-27,120839.984
2017-01-30,119923.3696
2017-01-31,120334.1548
2017-02-01,120914.8217
2017-02-02,121434.959
2017-02-03,121667.7234
2017-02-06,121593.0794
2017-02-07,121561.2389
2017-02-08,122254.8397
2017-02-09,122045.264
2017-02-10,122105.8411
2017-02-13,122579.7847
2017-02-14,123418.0239
2017-02-15,123487.1054
2017-02-16,123486.9031
2017-02-17,124597.5149
2017-02-21,124883.5454
2017-02-22,124137.7717
2017-02-23,124709.0209
2017-02-24,125161.4585
2017-02-27,124767.7859
2017-02-28,126402.2517
2017-03-01,126241.968
2017-03-02,126160.8917
2017-03-03,125717.1645
2017-03-06,125646.6193
2017-03-07,125291.2539
2017-03-08,125059.5961
2017-03-09,125404.0443
2017-03-10,125359.6828
2017-03-13,125015.5587
2017-03-14,126175.622
2017-03-15,126368.2715
2017-03-16,125770.7565
2017-03-17,125622.3493
2017-03-20,123727.5248
2017-03-21,124306.1957
2017-03-22,124343.0647
2017-03-23,124277.1535
2017-03-24,124091.4016
2017-03-27,125035.3124
2017-03-28,124719.5212
2017-03-29,125494.6753
2017-03-30,125222.9528
2017-03-31,125113.7862
2017-04-03,124580.5847
2017-04-04,124581.9324
2017-04-05,124716.3112
2017-04-06,124687.2011
2017-04-07,124713.7251
2017-04-10,124770.3544
2017-04-11,124387.6187
2017-04-12,123225.5081
2017-04-13,124892.1275
2017-04-17,124584.7862
2017-04-18,123743.7131
2017-04-19,124433.8794
2017-04-20,123603.5293
2017-04-21,124939.6462
2017-04-24,125910.4391
2017-04-25,126223.4371
2017-04-26,126496.9116
2017-04-27,126000.7764
2017-04-28,126338.8548
2017-05-01,126581.7148
2017-05-02,126454.5132
2017-05-03,126368.5224
2017-05-04,127150.9109
2017-05-05,127204.6323
2017-05-08,126956.169
2017-05-09,127385.3511
2017-05-10,127367.8981
2017-05-11,127100.6131
2017-05-12,127806.5999
2017-05-15,127408.9593
2017-05-16,125954.0399
2017-05-17,126958.0607
2017-05-18,127565.4467
2017-05-19,128105.2106
2017-05-22,128559.7192
2017-05-23,129281.1564
2017-05-24,129580.0093
2017-05-25,129995.9339
2017-05-26,129693.9125
2017-05-30,128961.022
2017-05-31,130327.1897
2017-06-01,131059.9785
2017-06-02,131592.9741
2017-06-05,130780.0954
2017-06-06,131255.3721
2017-06-07,131330.1406
2017-06-08,131718.9287
2017-06-09,130303.3199
2017-06-12,131883.7216
2017-06-13,131828.5952
2017-06-14,131577.2225
2017-06-15,130426.1436
2017-06-16,132687.235
2017-06-19,132258.3185
2017-06-20,132260.3613
2017-06-21,132001.5535
2017-06-22,131508.2457
2017-06-23,131892.0639
2017-06-26,130459.0887
2017-06-27,131818.6696
2017-06-28,130523.7225
2017-06-29,130162.6757
2017-06-30,129817.8751
2017-07-03,130798.9797
2017-07-05,129763.7001
2017-07-06,130134.1339
2017-07-07,129497.882
2017-07-10,128973.421
2017-07-11,129638.6359
2017-07-12,130150.1267
2017-07-13,131014.6174
2017-07-14,131055.883
2017-07-17,131532.2093
2017-07-18,132154.8526
2017-07-19,133085.0165
2017-07-20,133437.0065
2017-07-21,133116.5175
2017-07-24,133591.2187
2017-07-25,133629.5286
2017-07-26,133698.7392
2017-07-27,133765.36
2017-07-28,133203.0217
2017-07-31,133612.8557
2017-08-01,133556.9524
2017-08-02,133818.5498
2017-08-03,134445.8872
2017-08-04,134786.3391
2017-08-07,134734.3404
2017-08-08,135046.0264
2017-08-09,133285.709
2017-08-10,133530.7866
2017-08-11,135451.1955
2017-08-14,135349.9887
2017-08-15,135675.7495
2017-08-16,133702.5734
2017-08-17,132508.633
2017-08-18,132898.3127
2017-08-21,134586.3692
2017-08-22,134381.2859
2017-08-23,134512.4627
2017-08-24,134739.476
2017-08-25,134926.1867
2017-08-28,134943.2066
2017-08-29,135293.6804
2017-08-30,135691.8005
2017-08-31,136152.7356
2017-09-01,134575.0576
2017-09-05,134926.3799
2017-09-06,135108.5772
2017-09-07,135551.3198
2017-09-08,137777.0936
2017-09-11,138496.1475
2017-09-12,138440.2326
2017-09-13,138312.7404
2017-09-14,139764.0055
2017-09-15,139585.9732
2017-09-18,139726.2942
2017-09-19,139977.5424
2017-09-20,138894.7614
2017-09-21,138673.2592
2017-09-22,137797.1918
2017-09-25,137656.6184
2017-09-26,137659.0606
2017-09-27,138082.4759
2017-09-28,138144.1283
2017-09-29,138783.5282
2017-10-02,139199.3197
2017-10-03,139687.5262
2017-10-04,140783.825
2017-10-05,140741.8567
2017-10-06,141056.5757
2017-10-09,141138.4048
2017-10-10,141395.9605
2017-10-11,140875.7698
2017-10-12,140821.725
2017-10-13,141429.8743
2017-10-16,141965.3401
2017-10-17,142625.9568
2017-10-18,142588.4299
2017-10-19,142959.9036
2017-10-20,142202.2956
2017-10-23,142363.5404
2017-10-24,142186.9669
2017-10-25,142224.6184
2017-10-26,142770.8669
2017-10-27,141677.258
2017-10-30,141758.9874
2017-10-31,142192.3719
2017-11-01,142268.6349
2017-11-02,143029.8154
2017-11-03,142499.4203
2017-11-06,142609.2077
2017-11-07,143179.3853
2017-11-08,142377.5059
2017-11-09,143272.4646
2017-11-10,143289.6631
2017-11-13,143100.5994
2017-11-14,142871.0773
2017-11-15,145588.7623
2017-11-16,144764.3801
2017-11-17,144673.0511
2017-11-20,145789.1156
2017-11-21,145737.793
2017-11-22,146085.5394
2017-11-24,146394.9504
2017-11-27,147594.9712
2017-11-28,145961.3395
2017-11-29,147964.1456
2017-11-30,148413.7018
2017-12-01,146545.3286
2017-12-04,147208.3668
2017-12-05,146317.0679
2017-12-06,146784.1772
2017-12-07,147704.1145
2017-12-08,149063.0931
2017-12-11,150227.5298
2017-12-12,150613.9302
2017-12-13,149733.4861
2017-12-14,151064.6184
2017-12-15,151878.2756
2017-12-18,151695.4796
2017-12-19,151377.0023
2017-12-20,151803.4255
2017-12-21,151912.9219
2017-12-22,152016.7794
2017-12-26,152072.2704
2017-12-27,152383.9569
2017-12-28,151864.0185
2017-12-29,153895.1297
2018-01-02,154348.9438
2018-01-03,155771.9796
2018-01-04,157257.3598
2018-01-05,156749.7798
2018-01-08,157478.1448
2018-01-09,157350.8958
2018-01-10,158503.0699
2018-01-11,159133.9282
2018-01-12,158726.8054
2018-01-16,160363.7909
2018-01-17,159688.1135
2018-01-18,160276.3181
2018-01-19,161077.7244
2018-01-22,161911.1278
2018-01-23,162673.2705
2018-01-24,162594.8507
2018-01-25,164389.5414
2018-01-26,162980.4285
2018-01-29,161327.5915
2018-01-30,160461.6222
2018-01-31,160700.4099
2018-02-01,158641.0445
2018-02-02,151129.125
2018-02-05,155515.3034
2018-02-06,156115.7036
2018-02-07,150068.2887
2018-02-08,154622.3293
2018-02-09,157192.3664
2018-02-12,157795.2813
2018-02-13,159049.3459
2018-02-14,160498.7453
2018-02-15,160667.6624
2018-02-16,160946.1037
2018-02-20,159231.6745
2018-02-21,159886.5382
2018-02-22,162674.1314
2018-02-23,164877.0395
2018-02-26,162782.9655
2018-02-27,160021.2426
2018-02-28,157488.6551
2018-03-01,157727.6132
2018-03-02,159896.0022
2018-03-05,161207.2763
2018-03-06,161251.7398
2018-03-07,162394.9929
2018-03-08,166152.4138
2018-03-09,164991.4464
2018-03-12,164594.1499
2018-03-13,163218.4346
2018-03-14,163561.9943
2018-03-15,163723.657
2018-03-16,161605.8469
2018-03-19,162575.9796
2018-03-20,161415.7315
2018-03-21,157785.1741
2018-03-22,154513.8382
2018-03-23,160516.3586
2018-03-26,160393.5401
2018-03-27,158649.1168
2018-03-28,161980.8978
2018-03-29,159415.5742
2018-04-02,162287.9564
2018-04-03,164438.681
2018-04-04,166030.2616
2018-04-05,162352.5618
2018-04-06,162521.9307
2018-04-09,164126.4704
2018-04-10,163360.5646
2018-04-11,166037.341
2018-04-12,166468.3958
2018-04-13,167236.3775
2018-04-16,169354.9748
2018-04-17,169543.5211
2018-04-18,168881.4827
2018-04-19,167573.7152
2018-04-20,167993.4412
2018-04-23,164092.3996
2018-04-24,164287.525
2018-04-25,166396.6415
2018-04-26,166830.6116
2018-04-27,166977.8844
2018-04-30,166456.981
2018-05-01,164568.3357
2018-05-02,165084.8124
2018-05-03,167655.3716
2018-05-04,167865.4893
2018-05-07,167037.8852
2018-05-08,167329.0415
2018-05-09,168930.0268
2018-05-10,170113.2616
2018-05-11,170246.4058
2018-05-14,169270.8348
2018-05-15,169730.5497
2018-05-16,169439.1625
2018-05-17,169087.0239
2018-05-18,170427.6262
2018-05-21,169958.6771
2018-05-22,171184.1034
2018-05-23,170757.5066
2018-05-24,170292.7389
2018-05-25,167298.6703
2018-05-29,169636.5467
2018-05-30,168544.1386
2018-05-31,170108.9868
2018-06-01,171464.2337
2018-06-04,171555.2794
2018-06-05,173480.2568
2018-06-06,174303.4708
2018-06-07,174342.0064
2018-06-08,174364.186
2018-06-11,174391.9938
2018-06-12,173632.5477
2018-06-13,173678.9996
2018-06-14,173724.9859
2018-06-15,173697.4114
2018-06-18,172995.1584
2018-06-19,173183.6717
2018-06-20,172274.0436
2018-06-21,173072.9361
2018-06-22,170062.9763
2018-06-25,171197.7734
2018-06-26,170217.3002
2018-06-27,172028.9447
2018-06-28,172473.9234
2018-06-29,173256.2317
2018-07-02,172927.8923
2018-07-03,174656.4391
2018-07-05,175169.1121
2018-07-06,177079.4375
2018-07-09,178674.237
2018-07-10,178160.4038
2018-07-11,180382.428
2018-07-12,181312.4997
2018-07-13,182292.9873
2018-07-16,183313.1187
2018-07-17,183598.0438
2018-07-18,183116.3598
2018-07-19,184113.8799
2018-07-20,183711.615
2018-07-23,184864.1186
2018-07-24,186918.5199
2018-07-25,187628.6347
2018-07-26,187156.9823
2018-07-27,184245.0773
2018-07-30,185440.4673
2018-07-31,184995.0415
2018-08-01,184457.1398
2018-08-02,185263.2117
2018-08-03,186218.1249
2018-08-06,187425.969
2018-08-07,187641.5219
2018-08-08,186528.9744
2018-08-09,185372.1164
2018-08-10,184005.0598
2018-08-13,184963.3817
2018-08-14,184638.3758
2018-08-15,186622.8723
2018-08-16,185776.34
2018-08-17,186092.5799
2018-08-20,186409.4648
2018-08-21,186360.7028
2018-08-22,186572.8737
2018-08-23,186945.0087
2018-08-24,188537.3748
2018-08-27,188656.3994
2018-08-28,189367.2654
2018-08-29,188367.6759
2018-08-30,188584.8331
2018-08-31,188216.3335
2018-09-04,189057.1383
2018-09-05,188259.0305
2018-09-06,187718.6292
2018-09-07,187253.701
2018-09-10,188266.5489
2018-09-11,187752.8071
2018-09-12,188899.1224
2018-09-13,188265.1484
2018-09-14,187429.5319
2018-09-17,188660.0561
2018-09-18,188644.807
2018-09-19,190638.5117
2018-09-20,190527.3386
2018-09-21,190856.1258
2018-09-24,190097.6857
2018-09-25,190138.2667
2018-09-26,190468.1427
2018-09-27,190215.8444
2018-09-28,191561.7333
2018-10-01,191122.71
2018-10-02,190360.2156
2018-10-03,188919.9461
2018-10-04,187365.1376
2018-10-05,186903.9805
2018-10-08,187562.2204
2018-10-09,182495.137
2018-10-10,179419.0768
2018-10-11,181391.632
2018-10-12,181299.6897
2018-10-15,187004.0389
2018-10-16,186916.1499
2018-10-17,183432.3443
2018-10-18,182354.8887
2018-10-19,182119.7066
2018-10-22,180071.5488
2018-10-23,172670.1609
2018-10-24,177085.6479
2018-10-25,175946.7023
2018-10-26,172475.3504
2018-10-29,175294.5212
2018-10-30,178958.8591
2018-10-31,179847.1434
2018-11-01,180698.9003
2018-11-02,181294.3492
2018-11-05,182093.0391
2018-11-06,186494.4359
2018-11-07,186246.0065
2018-11-08,184273.6694
2018-11-09,178151.2195
2018-11-12,178324.424
2018-11-13,176149.5131
2018-11-14,178901.2999
2018-11-15,179689.0061
2018-11-16,173707.9311
2018-11-19,171258.7191
2018-11-20,172587.7157
2018-11-21,172289.9368
2018-11-23,176350.0016
2018-11-26,177762.5324
2018-11-27,183541.8427
2018-11-28,183618.9192
2018-11-29,185815.3994
2018-11-30,187541.2143
2018-12-03,184894.6743
2018-12-04,184367.7842
2018-12-06,180256.9688
2018-12-07,182133.3255
2018-12-10,181660.8575
2018-12-11,182674.5731
2018-12-12,183460.6349
2018-12-13,181311.153
2018-12-14,176545.0252
2018-12-17,178090.1688
2018-12-18,176662.128
2018-12-19,173230.2055
2018-12-20,168680.0803
2018-12-21,164315.27
2018-12-24,171953.4104
2018-12-26,174391.8821
2018-12-27,174715.6358
2018-12-28,176296.7574
2018-12-31,177524.764
2019-01-02,174134.0333
2019-01-03,182382.682
2019-01-04,183275.4827
2019-01-07,184785.1356
2019-01-08,185616.5059
2019-01-09,185989.098
2019-01-10,185866.6564
2019-01-11,184946.8057
2019-01-14,187971.4962
2019-01-15,188027.4199
2019-01-16,189325.4808
2019-01-17,191586.5577
2019-01-18,189822.5128
2019-01-22,190088.8137
2019-01-23,190025.4854
2019-01-24,191048.7392
2019-01-25,189408.2472
2019-01-28,187258.8587
2019-01-29,191801.2062
2019-01-30,193112.7037
2019-01-31,193400.536
2019-02-01,194406.1469
2019-02-04,194985.8167
2019-02-05,194891.7936
2019-02-06,192925.2962
2019-02-07,192977.0743
2019-02-08,192449.1473
2019-02-11,195630.85
2019-02-12,196220.2164
2019-02-13,196089.8063
2019-02-14,197963.9987
2019-02-15,197941.1517
2019-02-19,199021.6997
2019-02-20,198979.7443
2019-02-21,200411.3862
2019-02-22,200487.5159
2019-02-25,199762.3052
2019-02-26,198548.4498
2019-02-27,198055.8737
2019-02-28,199481.4766
2019-03-01,199064.6874
2019-03-04,199167.4013
2019-03-05,197309.3356
2019-03-06,195389.8053
2019-03-07,195374.1383
2019-03-08,198230.1174
2019-03-11,197653.9631
2019-03-12,198453.8317
2019-03-13,198741.8907
2019-03-14,200258.1154
2019-03-15,201554.3153
2019-03-18,201775.6969
2019-03-19,200404.7548
2019-03-20,202653.8157
2019-03-21,199232.7745
2019-03-22,199437.1544
2019-03-25,201222.0674
2019-03-26,200908.2743
2019-03-27,201478.9039
2019-03-28,202979.2013
2019-03-29,205039.045
2019-04-01,204309.9266
2019-04-02,205255.4788
2019-04-03,205720.5364
2019-04-04,206500.3059
2019-04-05,205516.0258
2019-04-08,203704.0776
2019-04-09,204707.4721
2019-04-10,204465.3498
2019-04-11,206214.1256
2019-04-12,206288.1134
2019-04-15,207855.4703
2019-04-16,206280.0072
2019-04-17,207418.4421
2019-04-18,208128.027
2019-04-22,209541.4608
2019-04-23,208281.0701
2019-04-24,208292.3195
2019-04-25,208634.9348
2019-04-26,208628.1128
2019-04-29,208934.8432
2019-04-30,208090.2866
2019-05-01,207839.6418
2019-05-02,209702.1303
2019-05-03,209330.5075
2019-05-06,204546.981
2019-05-07,204583.6275
2019-05-08,204887.5796
2019-05-09,205356.9154
2019-05-10,198431.2105
2019-05-13,201618.5934
2019-05-14,202098.4934
2019-05-15,203491.2154
2019-05-16,202340.8868
2019-05-17,201200.4235
2019-05-20,203155.5204
2019-05-21,204053.3554
2019-05-22,201125.0776
2019-05-23,201582.808
2019-05-24,199275.9947
2019-05-28,196892.0123
2019-05-29,197521.7527
2019-05-30,193636.5762
2019-05-31,192809.5793
2019-06-03,198796.0656
2019-06-04,201029.3033
2019-06-05,203120.3434
2019-06-06,204774.0368
2019-06-07,205535.5957
2019-06-10,205601.9969
2019-06-11,205868.0479
2019-06-12,207078.2979
2019-06-13,207072.5555
2019-06-14,207896.7192
2019-06-17,209124.8352
2019-06-18,211124.0149
2019-06-19,213371.6873
2019-06-20,213256.587
2019-06-21,213202.4764
2019-06-24,211614.5565
2019-06-25,212993.5619
2019-06-26,213606.6513
2019-06-27,213239.2841
2019-06-28,214793.3683
2019-07-01,216103.6175
2019-07-02,217290.6583
2019-07-03,217550.8621
2019-07-05,215766.9159
2019-07-08,216242.4833
2019-07-09,216712.6368
2019-07-10,218739.291
2019-07-11,217958.0125
2019-07-12,218987.2368
2019-07-15,219550.4247
2019-07-16,218048.3392
2019-07-17,218421.3251
2019-07-18,218177.1723
2019-07-19,218400.6937
2019-07-22,220800.0536
2019-07-23,220035.3493
2019-07-24,219186.0068
2019-07-25,220376.6807
2019-07-26,221438.8752
2019-07-29,221644.7792
2019-07-30,218525.9999
2019-07-31,217456.7696
2019-08-01,214776.535
2019-08-02,206855.4194
2019-08-05,209811.9758
2019-08-06,209114.1391
2019-08-07,212190.5198
2019-08-08,213249.1922
2019-08-09,210229.3689
2019-08-12,214082.0241
2019-08-13,208540.2971
2019-08-14,207274.7924
2019-08-15,211736.6369
2019-08-16,213434.0608
2019-08-19,211517.1685
2019-08-20,212725.883
2019-08-21,212551.5843
2019-08-22,207115.3937
2019-08-23,209682.296
2019-08-26,208662.2295
2019-08-27,210235.803
2019-08-28,212900.7571
2019-08-29,213140.4142
2019-08-30,212256.9367
2019-09-03,214524.7987
2019-09-04,216419.6556
2019-09-05,216700.2273
2019-09-06,217749.5443
2019-09-09,215260.9713
2019-09-10,215734.7892
2019-09-11,217279.8968
2019-09-12,217747.1051
2019-09-13,216495.9036
2019-09-16,217703.4398
2019-09-17,217672.9807
2019-09-18,217340.0664
2019-09-19,215005.5936
2019-09-20,215726.9303
2019-09-23,214110.1912
2019-09-24,215644.3515
2019-09-25,214506.6369
2019-09-26,213201.9576
2019-09-27,214072.7305
2019-09-30,210855.37
2019-10-01,206682.6571
2019-10-02,208994.8034
2019-10-03,212402.4496
2019-10-04,211821.8322
2019-10-07,209141.8046
2019-10-08,210961.0103
2019-10-09,211920.6645
2019-10-10,213124.4882
2019-10-11,212423.5089
2019-10-14,214527.8195
2019-10-15,214648.5749
2019-10-16,213761.6371
2019-10-17,212331.2785
2019-10-18,213599.9594
2019-10-21,214971.6048
2019-10-22,215480.4287
2019-10-23,215265.0083
2019-10-24,216751.1922
2019-10-25,216408.929
2019-10-28,216177.5339
2019-10-29,217802.0848
2019-10-30,216344.889
2019-10-31,220470.1855
2019-11-01,218296.656
2019-11-04,217331.1954
2019-11-05,218332.9018
2019-11-06,220314.7845
2019-11-07,221243.7399
2019-11-08,221245.6925
2019-11-11,222014.2534
2019-11-12,222957.6638
2019-11-13,223328.6159
2019-11-14,223661.3667
2019-11-15,224734.5321
2019-11-18,224507.7481
2019-11-19,224158.4414
2019-11-20,223588.6493
2019-11-21,224863.9942
2019-11-22,225856.4199
2019-11-25,227234.6914
2019-11-26,227701.1505
2019-11-27,227786.1887
2019-11-29,224377.7455
2019-12-02,222189.4099
2019-12-03,224118.0308
2019-12-04,224035.0973
2019-12-05,226985.2269
2019-12-06,226359.3676
2019-12-09,226085.7447
2019-12-10,226540.9227
2019-12-11,229181.6007
2019-12-12,229530.0438
2019-12-13,230296.7191
2019-12-16,231061.2161
2019-12-17,230576.1144
2019-12-18,232046.8406
2019-12-19,233526.6437
2019-12-20,235188.6681
2019-12-23,235628.7102
2019-12-24,235831.403
2019-12-26,236171.0755
2019-12-27,234934.5553
2019-12-30,235810.9359
2019-12-31,239558.92
2020-01-02,237643.1615
2020-01-03,238239.7891
2020-01-06,237316.3167
2020-01-07,237938.1796
2020-01-08,238757.8094
2020-01-09,238153.3148
2020-01-10,239159.0779
2020-01-13,240044.4481
2020-01-14,240141.8853
2020-01-15,242252.0399
2020-01-16,242954.6322
2020-01-17,241859.1168
2020-01-21,240709.3329
2020-01-22,241244.0245
2020-01-23,237651.9277
2020-01-24,234131.5764
2020-01-27,237345.1607
2020-01-28,237855.7577
2020-01-29,238702.9895
2020-01-30,234659.3143
2020-01-31,235106.5225
2020-02-03,238402.8093
2020-02-04,242738.5815
2020-02-05,243541.1078
2020-02-06,241555.4384
2020-02-07,243044.3628
2020-02-10,243930.2975
2020-02-11,244649.358
2020-02-12,244548.3687
2020-02-13,245564.9521
2020-02-14,244819.1606
2020-02-18,246009.9599
2020-02-19,246468.4843
2020-02-20,241842.5425
2020-02-21,231899.626
2020-02-24,223391.5056
2020-02-25,222229.4626
2020-02-26,212507.3894
2020-02-27,212021.1249
2020-02-28,222472.8888
2020-03-02,215382.3876
2020-03-03,227163.5607
2020-03-04,218074.1783
2020-03-05,215313.8667
2020-03-06,199374.9443
2020-03-09,210711.3193
2020-03-10,198172.8018
2020-03-11,176212.0997
2020-03-12,195363.9965
2020-03-13,171904.3275
2020-03-16,180937.8983
2020-03-17,163545.0399
2020-03-18,168712.1322
2020-03-19,160600.8308
2020-03-20,154544.286
2020-03-23,176714.7804
2020-03-24,174456.8761
2020-03-25,183728.193
2020-03-26,178549.5245
2020-03-27,182097.6019
2020-03-30,177172.4023
2020-03-31,168155.8558
2020-04-01,172476.549
2020-04-02,169550.0659
2020-04-03,183580.4814
2020-04-06,183311.7706
2020-04-07,189041.9469
2020-04-08,191467.3725
2020-04-09,189728.5949
2020-04-13,191037.05
2020-04-14,185256.7054
2020-04-15,182929.6111
2020-04-16,195577.6864
2020-04-17,193069.6002
2020-04-20,188702.6222
2020-04-21,193378.7763
2020-04-22,194891.1365
2020-04-23,197790.0548
2020-04-24,200260.9277
2020-04-27,198495.3552
2020-04-28,201723.677
2020-04-29,200258.1147
2020-04-30,194100.8065
2020-05-01,194705.8435
2020-05-04,194164.701
2020-05-05,191479.9148
2020-05-06,194108.0837
2020-05-07,197720.933
2020-05-08,199265.7439
2020-05-11,193585.6237
2020-05-12,188504.5436
2020-05-13,192719.7517
2020-05-14,195338.7475
2020-05-15,206460.8009
2020-05-18,203941.7504
2020-05-19,206843.6299
2020-05-20,206053.5357
2020-05-21,206531.6305
2020-05-22,212872.3799
2020-05-26,213359.2858
2020-05-27,215034.3214
2020-05-28,214029.0582
2020-05-29,216886.7617
2020-06-01,219183.5829
2020-06-02,221725.0851
2020-06-03,219200.6376
2020-06-04,223857.917
2020-06-05,225536.0491
2020-06-08,226751.4507
2020-06-09,220861.0805
2020-06-10,202014.7655
2020-06-11,209066.1058
2020-06-12,210340.243
2020-06-15,215545.066
2020-06-16,215407.1457
2020-06-17,214974.9503
2020-06-18,213244.0884
2020-06-19,213923.7441
2020-06-22,214040.7779
2020-06-23,209270.6935
2020-06-24,213201.025
2020-06-25,208964.0263
2020-06-26,212089.2253
2020-06-29,216012.3667
2020-06-30,215163.8611
2020-07-01,216000.7789
2020-07-02,219998.2772
2020-07-06,219313.7014
2020-07-07,221104.3987
2020-07-08,218054.9075
2020-07-09,223902.2487
2020-07-10,221617.0447
2020-07-13,224623.4132
2020-07-14,225399.6349
2020-07-15,225169.9551
2020-07-16,224581.8348
2020-07-17,225848.3061
2020-07-20,229933.8002
2020-07-21,231190.8676
2020-07-22,229533.2255
2020-07-23,228506.4742
2020-07-24,230175.2219
2020-07-27,230044.8422
2020-07-28,232971.7694
2020-07-29,231828.0888
2020-07-30,228736.2812
2020-07-31,229250.5952
2020-08-03,230620.2417
2020-08-04,233869.524
2020-08-05,234957.4644
2020-08-06,237229.6572
2020-08-07,238530.3925
2020-08-10,236204.208
2020-08-11,241665.0248
2020-08-12,241129.6077
2020-08-13,241076.4359
2020-08-14,241776.156
2020-08-17,239859.2834
2020-08-18,238560.8487
2020-08-19,237801.7476
2020-08-20,238180.4829
2020-08-21,242208.1777
2020-08-24,244720.7743
2020-08-25,245081.442
2020-08-26,248036.1792
2020-08-27,249655.0228
2020-08-28,250661.2424
2020-08-31,253345.4625
2020-09-01,258603.1709
2020-09-02,249993.0861
2020-09-03,246448.4753
2020-09-04,239629.0192
2020-09-08,245755.1089
2020-09-09,243147.5939
2020-09-10,242410.7091
2020-09-11,245944.8565
2020-09-14,245146.7655
2020-09-15,247700.7055
2020-09-16,245395.1668
2020-09-17,242450.0362
2020-09-18,240062.5059
2020-09-21,240267.8029
2020-09-22,236081.7436
2020-09-23,236590.9418
2020-09-24,239963.8281
2020-09-25,242145.3754
2020-09-28,241451.6035
2020-09-29,244014.736
2020-09-30,243953.2433
2020-10-01,244474.1006
2020-10-02,249612.4697
2020-10-05,247304.1341
2020-10-06,251758.5511
2020-10-07,253270.1587
2020-10-08,255864.525
2020-10-09,258690.623
2020-10-12,257612.5749
2020-10-13,257834.208
2020-10-14,257342.7059
2020-10-15,257397.6427
2020-10-16,253224.2276
2020-10-19,254436.8209
2020-10-20,252636.6745
2020-10-21,256928.8992
2020-10-22,257827.048
2020-10-23,252239.8989
2020-10-26,249318.8763
2020-10-27,242338.9317
2020-10-28,245677.6766
2020-10-29,244921.2163
2020-10-30,247353.9463
2020-11-02,253280.1281
2020-11-03,258160.994
2020-11-04,264652.1889
2020-11-05,264714.0322
2020-11-06,281518.218
2020-11-09,279215.5524
2020-11-10,282071.1401
2020-11-11,278096.514
2020-11-12,285056.6998
2020-11-13,287457.1852
2020-11-16,286948.3824
2020-11-17,282923.7279
2020-11-18,283200.6435
2020-11-19,281780.1569
2020-11-20,285071.0259
2020-11-23,286742.3353
2020-11-24,287831.875
2020-11-25,287350.9958
2020-11-27,283011.5539
2020-11-30,285917.744
2020-12-01,282268.1507
2020-12-02,281039.7447
2020-12-03,283016.3413
2020-12-04,283550.6299
2020-12-07,285458.1109
2020-12-08,282769.9926
2020-12-09,284086.5692
2020-12-10,283687.9175
2020-12-11,280860.5104
2020-12-14,284325.8971
2020-12-15,284711.1788
2020-12-16,285368.4527
2020-12-17,284341.2399
2020-12-18,287049.5041
2020-12-21,285433.3317
2020-12-22,288874.1176
2020-12-23,289570.5262
2020-12-24,291007.918
2020-12-28,289690.4179
2020-12-29,290526.1102
2020-12-30,292554.6356
2020-12-31,289026.793
2021-01-04,290937.1347
2021-01-05,292565.4476
2021-01-06,297283.4755
2021-01-07,297400.8027
2021-01-08,298204.9288
2021-01-11,298078.0394
2021-01-12,297984.6254
2021-01-13,296883.0769
2021-01-14,296305.2656
2021-01-15,298800.0755
2021-01-19,299882.8844
2021-01-20,298676.2827
2021-01-21,297363.0615
2021-01-22,296001.2324
2021-01-25,292564.1363
2021-01-26,284657.6834
2021-01-27,289972.7594
2021-01-28,283813.8144
2021-01-29,285886.0979
2021-02-01,287807.8507
2021-02-02,288110.4025
2021-02-03,291908.3482
2021-02-04,292380.749
2021-02-05,295627.5725
2021-02-08,295566.5763
2021-02-09,296625.8953
2021-02-10,297076.2002
2021-02-11,298248.0555
2021-02-12,298935.2058
2021-02-16,299883.5746
2021-02-17,299620.9786
2021-02-18,303234.5791
2021-02-19,302296.9194
2021-02-22,299486.64
2021-02-23,301819.5896
2021-02-24,297655.0041
2021-02-25,295690.4857
2021-02-26,299969.3273
2021-03-01,298302.8745
2021-03-02,293099.1778
2021-03-03,289348.1169
2021-03-04,293022.3583
2021-03-05,293378.0067
2021-03-08,299991.8375
2021-03-09,304639.7571
2021-03-10,309134.4626
2021-03-11,312222.1674
2021-03-12,316081.505
2021-03-15,313277.0999
2021-03-16,317207.4696
2021-03-17,315596.6248
2021-03-18,315904.5582
2021-03-19,314941.4224
2021-03-22,310556.2982
2021-03-23,310111.1546
2021-03-24,309611.7271
2021-03-25,315089.9252
2021-03-26,316309.8102
2021-03-29,316044.1434
2021-03-30,316303.9485
2021-03-31,318148.8159
2021-04-01,322522.0406
2021-04-05,321474.2819
2021-04-06,322597.874
2021-04-07,322293.4378
2021-04-08,324400.4099
2021-04-09,323906.4414
2021-04-12,324446.252
2021-04-13,326019.6465
2021-04-14,331257.3521
2021-04-15,333065.9387
2021-04-16,330910.1551
2021-04-19,326927.2158
2021-04-20,330732.213
2021-04-21,327987.5345
2021-04-22,331113.4622
2021-04-23,330006.2741
2021-04-26,329612.5721
2021-04-27,329063.693
2021-04-28,330912.6874
2021-04-29,329881.1538
2021-04-30,331232.4456
2021-05-03,328912.302
2021-05-04,328453.3911
2021-05-05,331836.8087
2021-05-06,335090.5558
2021-05-07,336114.1466
2021-05-10,335124.7631
2021-05-11,329541.8382
2021-05-12,333933.745
2021-05-13,337952.3646
2021-05-14,336814.0416
2021-05-17,334801.8341
2021-05-18,332206.8184
2021-05-19,333814.3773
2021-05-20,334693.7551
2021-05-21,337573.5395
2021-05-24,335823.6584
2021-05-25,335585.1309
2021-05-26,333377.9683
2021-05-27,337275.9422
2021-05-28,337546.8381
2021-06-01,338036.644
2021-06-02,337133.1751
2021-06-03,340374.5482
2021-06-04,338661.6933
2021-06-07,338390.1223
2021-06-08,338668.5112
2021-06-09,336311.9732
2021-06-10,336764.1336
2021-06-11,335185.8721
2021-06-14,334219.4921
2021-06-15,333288.3466
2021-06-16,332416.782
2021-06-17,325792.9502
2021-06-18,332563.8597
2021-06-21,333600.9289
2021-06-22,333208.8357
2021-06-23,334761.91
2021-06-24,341055.9814
2021-06-25,343074.99
2021-06-28,342513.7036
2021-06-29,346114.5452
2021-06-30,349010.2375
2021-07-01,349164.8203
2021-07-02,345667.1729
2021-07-06,346611.7837
2021-07-07,344878.5241
2021-07-08,351310.9127
2021-07-09,351023.4255
2021-07-12,351025.262
2021-07-13,349393.5799
2021-07-14,347482.387
2021-07-15,342535.2912
2021-07-16,335197.2603
2021-07-19,343118.8691
2021-07-20,346198.6024
2021-07-21,346341.6933
2021-07-22,348042.2133
2021-07-23,349702.7383
2021-07-26,348822.675
2021-07-27,349823.3878
2021-07-28,352127.1429
2021-07-29,347282.0024
2021-07-30,346930.5108
2021-08-02,348374.5347
2021-08-03,347353.6173
2021-08-04,350346.0518
2021-08-05,350523.6499
2021-08-06,349870.3253
2021-08-09,349764.5928
2021-08-10,349877.8306
2021-08-11,351264.8549
2021-08-12,350175.6107
2021-08-13,349439.2961
2021-08-16,344725.993
2021-08-17,340674.5987
2021-08-18,339680.5427
2021-08-19,341252.3768
2021-08-20,344589.8951
2021-08-23,342238.0305
2021-08-24,341661.8195
2021-08-25,340040.0604
2021-08-26,343215.6941
2021-08-27,344648.3941
2021-08-30,345692.6295
2021-08-31,346131.6394
2021-09-01,349022.7186
2021-09-02,349561.8897
2021-09-03,347129.399
2021-09-07,347050.0566
2021-09-08,346334.853
2021-09-09,344799.5141
2021-09-10,347940.7876
2021-09-13,346372.738
2021-09-14,349689.6506
2021-09-15,348952.1652
2021-09-16,346505.9937
2021-09-17,339587.2488
2021-09-20,338669.9954
2021-09-21,343068.2692
2021-09-22,347442.6173
2021-09-23,346998.8322
2021-09-24,345294.7335
2021-09-27,337804.3779
2021-09-28,338366.1964
2021-09-29,334172.2713
2021-09-30,340155.7287
2021-10-01,335295.9544
2021-10-04,339925.2973
2021-10-05,340279.7986
2021-10-06,343431.1872
2021-10-07,342551.2635
2021-10-08,340524.4947
2021-10-11,338823.2092
2021-10-12,337989.4542
2021-10-13,341097.9589
2021-10-14,342863.0335
2021-10-15,340705.3683
2021-10-18,343634.8875
2021-10-19,343317.2145
2021-10-20,341610.1293
2021-10-21,344062.5446
2021-10-22,344248.7482
2021-10-25,345021.057
2021-10-26,340898.6008
2021-10-27,342564.7653
2021-10-28,343687.7783
2021-10-29,344212.4161
2021-11-01,345346.4448
2021-11-02,346825.7335
2021-11-03,346713.4937
2021-11-04,348208.0559
2021-11-05,350325.4226
2021-11-08,351426.9153
2021-11-09,348338.1008
2021-11-10,350358.8603
2021-11-11,352057.1111
2021-11-12,350762.4345
2021-11-15,351535.2594
2021-11-16,350146.9118
2021-11-17,351610.2421
2021-11-18,349623.9185
2021-11-19,350886.7847
2021-11-22,350532.2196
2021-11-23,351009.2791
2021-11-24,343320.6516
2021-11-26,344033.7656
2021-11-29,338494.9122
2021-11-30,334135.3169
2021-12-01,343747.9139
2021-12-02,344581.1991
2021-12-03,348799.6755
2021-12-06,354792.4153
2021-12-07,354743.6271
2021-12-08,353419.9886
2021-12-09,353107.5442
2021-12-10,347797.1331
2021-12-13,347146.7237
2021-12-14,351974.5716
2021-12-15,355797.4193
2021-12-16,352806.2487
2021-12-17,348910.9917
2021-12-20,358257.7266
2021-12-21,360322.2783
2021-12-22,361871.4374
2021-12-23,364989.2126
2021-12-27,366770.2382
2021-12-28,366246.6106
2021-12-29,365565.4267
2021-12-30,364497.9887
2021-12-31,369680.7134
2022-01-03,368314.7723
2022-01-04,359819.9272
2022-01-05,359887.3375
2022-01-06,357862.1839
2022-01-07,355370.2502
2022-01-10,356411.4783
2022-01-11,356337.2466
2022-01-12,355439.4433
2022-01-13,355229.0829
2022-01-14,348890.9419
2022-01-18,345551.7808
2022-01-19,341476.1671
2022-01-20,333941.6911
2022-01-21,334244.432
2022-01-24,336001.4754
2022-01-25,335545.1169
2022-01-26,335308.8905
2022-01-27,338857.3263
2022-01-28,342557.9889
2022-01-31,345606.0926
2022-02-01,348838.9157
2022-02-02,340776.3227
2022-02-03,345768.2923
2022-02-04,344992.2478
2022-02-07,346200.1321
2022-02-08,349502.3999
2022-02-09,346032.8627
2022-02-10,338450.2942
2022-02-11,338450.9968
2022-02-14,340975.1242
2022-02-15,340322.2958
2022-02-16,334608.619
2022-02-17,330283.5566
2022-02-18,325674.2155
2022-02-22,319761.4714
2022-02-23,327259.3854
2022-02-24,338326.2323
2022-02-25,337575.8435
2022-02-28,329417.1785
2022-03-01,335337.2139
2022-03-02,333769.8332
2022-03-03,327545.831
2022-03-04,310500.3407
2022-03-07,309563.7579
2022-03-08,315459.3831
2022-03-09,315834.0201
2022-03-10,312568.6596
2022-03-11,309919.9685
2022-03-14,317167.6508
2022-03-15,319820.1555
2022-03-16,323256.5571
2022-03-17,324821.7952
2022-03-18,326415.2644
2022-03-21,330683.8552
2022-03-22,327357.0337
2022-03-23,332919.2641
2022-03-24,335092.8956
2022-03-25,338023.3806
2022-03-28,340257.4931
2022-03-29,341515.9887
2022-03-30,335684.0104
2022-03-31,335828.2109
2022-04-01,339380.4814
2022-04-04,339954.109
2022-04-05,330192.1526
2022-04-06,329582.1382
2022-04-07,326878.0492
2022-04-08,320096.2411
2022-04-11,318664.7327
2022-04-12,321101.0648
2022-04-13,319128.1816
2022-04-14,318368.396
2022-04-18,326324.7834
2022-04-19,329746.3984
2022-04-20,323567.7822
2022-04-21,313806.2534
2022-04-22,314927.2564
2022-04-25,306184.8154
2022-04-26,305872.884
2022-04-27,312143.0096
2022-04-28,304394.8804
2022-04-29,307696.3302
2022-05-02,306549.3626
2022-05-03,314502.6423
2022-05-04,306573.6699
2022-05-05,302639.6879
2022-05-06,296427.1842
2022-05-09,299215.038
2022-05-10,296909.8391
2022-05-11,294432.2523
2022-05-12,303867.2179
2022-05-13,305871.3675
2022-05-16,315212.1175
2022-05-17,303549.2955
2022-05-18,300806.7563
2022-05-19,301865.9294
2022-05-20,308483.7655
2022-05-23,308071.6706
2022-05-24,313695.3515
2022-05-25,316254.5859
2022-05-26,319683.1871
2022-05-27,317098.789
2022-05-31,318611.5252
2022-06-01,324077.4381
2022-06-02,322547.154
2022-06-03,323109.8908
2022-06-06,325266.7779
2022-06-07,321378.7337
2022-06-08,314292.9035
2022-06-09,300398.7418
2022-06-10,286108.7774
2022-06-13,286489.6208
2022-06-14,289597.9353
2022-06-15,282992.5076
2022-06-16,285595.8923
2022-06-17,292516.8502
2022-06-21,291642.2648
2022-06-22,290123.1002
2022-06-23,300633.2973
2022-06-24,301844.5658
2022-06-27,292266.597
2022-06-28,293487.2209
2022-06-29,290568.6104
2022-06-30,292860.1456
2022-07-01,292166.4201
2022-07-05,292942.3113
2022-07-06,299427.617
2022-07-07,298794.3276
2022-07-08,295942.9598
2022-07-11,295801.4233
2022-07-12,294783.4981
2022-07-13,291595.1225
2022-07-14,299678.5224
2022-07-15,297411.7414
2022-07-18,299051.4135
2022-07-19,295976.9721
2022-07-20,295218.2749
2022-07-21,293304.3421
2022-07-22,292052.2381
2022-07-25,284850.1787
2022-07-26,292863.2998
2022-07-27,295102.606
2022-07-28,297709.0053
2022-07-29,299753.8925
2022-08-01,296361.5052
2022-08-02,300438.0444
2022-08-03,297693.5093
2022-08-04,299018.1161
2022-08-05,298030.6189
2022-08-08,297075.4876
2022-08-09,306470.3123
2022-08-10,305709.8661
2022-08-11,309848.5503
2022-08-12,312334.7712
2022-08-15,314540.6947
2022-08-16,312406.6268
2022-08-17,312226.0934
2022-08-18,309556.8337
2022-08-19,301046.5546
2022-08-22,300558.1648
2022-08-23,301277.2383
2022-08-24,303959.039
2022-08-25,296459.3253
2022-08-26,292564.7436
2022-08-29,290108.5777
2022-08-30,286535.2424
2022-08-31,284645.7497
2022-09-01,282660.5534
2022-09-02,280139.941
2022-09-06,286100.3766
2022-09-07,288127.9157
2022-09-08,294118.2241
2022-09-09,295752.5281
2022-09-12,284058.3955
2022-09-13,284972.8333
2022-09-14,284096.9074
2022-09-15,281752.8157
2022-09-16,284913.8225
2022-09-19,282538.8487
2022-09-20,276311.7089
2022-09-21,273301.0756
2022-09-22,268476.6309
2022-09-23,265441.902
2022-09-26,265268.2276
2022-09-27,269652.5883
2022-09-28,265847.4814
2022-09-29,257669.9529
2022-09-30,265171.3584
2022-10-03,269576.3642
2022-10-04,268892.9776
2022-10-05,265581.5061
2022-10-06,260301.5259
2022-10-07,257256.6707
2022-10-10,254633.9317
2022-10-11,254742.1523
2022-10-12,260686.1499
2022-10-13,257362.3089
2022-10-14,265561.6166
2022-10-17,268216.2874
2022-10-18,267491.4168
2022-10-19,265157.7108
2022-10-20,271526.7084
2022-10-21,275205.6249
2022-10-24,280382.9095
2022-10-25,283817.3033
2022-10-26,283030.0739
2022-10-27,289200.1563
2022-10-28,289409.2433
2022-10-31,287305.6486
2022-11-01,279412.9326
2022-11-02,273081.8575
2022-11-03,275860.5846
2022-11-04,279077.5198
2022-11-07,280146.7209
2022-11-08,271314.918
2022-11-09,289334.9805
2022-11-10,285964.9179
2022-11-11,286560.1537
2022-11-14,290048.5796
2022-11-15,291738.3153
2022-11-16,290139.9297
2022-11-17,290527.3435
2022-11-18,288901.0423
2022-11-21,294929.8027
2022-11-22,296216.5816
2022-11-23,297120.9797
2022-11-25,292336.2129
2022-11-28,292766.1373
2022-11-29,305339.1738
2022-11-30,304497.1304
2022-12-01,304274.9595
2022-12-02,296738.0214
2022-12-05,291713.7875
2022-12-06,290931.8639
2022-12-07,293272.8559
2022-12-08,291523.8307
2022-12-09,295421.9115
2022-12-12,297013.5075
2022-12-13,296380.8206
2022-12-14,288995.0348
2022-12-15,285827.791
2022-12-16,283282.2127
2022-12-19,284075.2269
2022-12-20,288726.2448
2022-12-21,286211.2553
2022-12-22,287598.531
2022-12-23,285195.8231
2022-12-27,281526.4051
2022-12-28,286682.5284
2022-12-29,286260.9636
2022-12-30,287765.0992
2023-01-03,289840.3551
2023-01-04,286177.8907
2023-01-05,293911.9258
2023-01-06,292240.106
2023-01-09,293123.3674
2023-01-10,294582.3756
2023-01-11,295728.3083
2023-01-12,297574.4046
2023-01-13,294661.1653
2023-01-17,288861.0853
2023-01-18,284706.1132
2023-01-19,292560.3993
2023-01-20,293189.4376
2023-01-23,294128.6283
2023-01-24,293686.3144
2023-01-25,292628.1428
2023-01-26,295751.5455
2023-01-27,294147.8354
2023-01-30,296838.3037
2023-01-31,296345.4938
2023-02-01,291844.3518
2023-02-02,291483.5949
2023-02-03,290411.1214
2023-02-06,292059.5727
2023-02-07,289101.1324
2023-02-08,286054.9588
2023-02-09,286317.8812
2023-02-10,291091.2962
2023-02-13,289893.6832
2023-02-14,291230.138
2023-02-15,286120.6743
2023-02-16,285273.4869
2023-02-17,277423.335
2023-02-21,277365.6367
2023-02-22,277870.627
2023-02-23,276335.7132
2023-02-24,277674.0053
2023-02-27,275586.7963
2023-02-28,274927.7467
2023-03-01,277810.8556
2023-03-02,280784.4484
2023-03-03,282259.2285
2023-03-06,277763.8478
2023-03-07,278179.4605
2023-03-08,273392.4629
2023-03-09,269031.0732
2023-03-10,267343.1236
2023-03-13,271103.933
2023-03-14,269550.7704
2023-03-15,272939.9106
2023-03-16,270674.6588
2023-03-17,275289.8609
2023-03-20,278618.0982
2023-03-21,274305.4262
2023-03-22,274092.1776
2023-03-23,275528.8374
2023-03-24,276979.7762
2023-03-27,276558.2472
2023-03-28,280508.7403
2023-03-29,281271.3903
2023-03-30,285205.8232
2023-03-31,290049.7885
2023-04-03,289365.0488
2023-04-04,288063.3145
2023-04-05,288579.147
2023-04-06,290636.3736
2023-04-10,289507.3327
2023-04-11,286858.2746
2023-04-12,290315.8369
2023-04-13,290726.4241
2023-04-14,292218.1619
2023-04-17,291272.0995
2023-04-18,291631.964
2023-04-19,289400.1049
2023-04-20,290013.7243
2023-04-21,291488.5651
2023-04-24,287056.2874
2023-04-25,288947.7836
2023-04-26,293876.1679
2023-04-27,296313.9071
2023-04-28,295452.7844
2023-05-01,291785.8902
2023-05-02,289182.1318
2023-05-03,287034.1677
2023-05-04,292462.2148
2023-05-05,292200.9333
2023-05-08,291818.2738
2023-05-09,292187.6317
2023-05-10,288955.7625
2023-05-11,288434.3614
2023-05-12,289959.2544
2023-05-15,286133.2417
2023-05-16,290569.6996
2023-05-17,290601.0568
2023-05-18,290683.7199
2023-05-19,289725.9813
2023-05-22,287896.8009
2023-05-23,286741.6384
2023-05-24,286462.3843
2023-05-25,287879.1749
2023-05-26,286241.9485
2023-05-30,283905.499
2023-05-31,286871.198
2023-06-01,290239.0755
2023-06-02,289627.9542
2023-06-05,291086.9404
2023-06-06,289295.1665
2023-06-07,292950.2022
2023-06-08,292095.6704
2023-06-09,294819.7359
2023-06-12,295619.7544
2023-06-13,295549.5285
2023-06-14,299013.9718
2023-06-15,297257.8025
2023-06-16,294958.2092
2023-06-20,294162.1851
2023-06-21,295277.0187
2023-06-22,293394.5873
2023-06-23,291432.1299
2023-06-26,293815.448
2023-06-27,292773.1644
2023-06-28,294912.8966
2023-06-29,299172.8487
2023-06-30,300377.0504
2023-07-03,298568.3741
2023-07-05,294932.5798
2023-07-06,295139.5962
2023-07-07,295536.235
2023-07-10,298354.7434
2023-07-11,298335.1418
2023-07-12,298233.7409
2023-07-13,298586.223
2023-07-14,296706.7887
2023-07-17,297779.407
2023-07-18,299692.3322
2023-07-19,302909.9691
2023-07-20,302184.8632
2023-07-21,304093.4244
2023-07-24,305279.5416
2023-07-25,308949.0786
2023-07-26,305368.8221
2023-07-27,308804.4315
2023-07-28,309135.7503
2023-07-31,308747.0629
2023-08-01,305937.4314
2023-08-02,305648.0033
2023-08-03,302134.2925
2023-08-04,304235.3546
2023-08-07,302616.6637
2023-08-08,298944.429
2023-08-09,299302.334
2023-08-10,299349.8138
2023-08-11,302432.342
2023-08-14,300206.5134
2023-08-15,298294.0513
2023-08-16,295999.3414
2023-08-17,297190.7164
2023-08-18,295799.1254
2023-08-21,294431.1726
2023-08-22,296605.1543
2023-08-23,293119.8098
2023-08-24,296967.7282
2023-08-25,298955.7982
2023-08-28,300748.02
2023-08-29,301468.137
2023-08-30,300343.007
2023-08-31,299689.3427
2023-09-01,298267.7106
2023-09-05,297944.4275
2023-09-06,298432.0156
2023-09-07,297525.0953
2023-09-08,298259.2153
2023-09-11,298925.8171
2023-09-12,299991.1665
2023-09-13,303065.4392
2023-09-14,298609.3101
2023-09-15,298259.4575
2023-09-18,296809.0549
2023-09-19,294960.3029
2023-09-20,289591.9704
2023-09-21,289408.0021
2023-09-22,289964.3879
2023-09-25,287486.5465
2023-09-26,287438.1568
2023-09-27,288390.0642
2023-09-28,287036.5749
2023-09-29,285779.0387
2023-10-02,283207.0339
2023-10-03,285596.5699
2023-10-04,286293.2868
2023-10-05,288040.89
2023-10-06,290020.1768
2023-10-09,292789.5883
2023-10-10,293500.188
2023-10-11,291616.3359
2023-10-12,289426.0116
2023-10-13,293066.5965
2023-10-16,293160.6305
2023-10-17,288606.6851
2023-10-18,286418.3246
2023-10-19,283656.6161
2023-10-20,283976.0785
2023-10-23,286586.7233
2023-10-24,286862.6299
2023-10-25,284057.8939
2023-10-26,285139.0405
2023-10-27,290719.9796
2023-10-30,291612.6471
2023-10-31,296010.2947
2023-11-01,301960.6101
2023-11-02,302440.1204
2023-11-03,303105.7465
2023-11-06,302303.9583
2023-11-07,301400.3494
2023-11-08,300673.3122
2023-11-09,303122.1717
2023-11-10,304253.6945
2023-11-13,311118.7092
2023-11-14,311545.5584
2023-11-15,314067.2346
2023-11-16,316283.564
2023-11-17,318014.2
2023-11-20,317829.1775
2023-11-21,320194.8442
2023-11-22,320531.7025
2023-11-24,320943.7261
2023-11-27,320367.3229
2023-11-28,321351.5704
2023-11-29,323832.6392
2023-11-30,326323.3583
2023-12-01,324370.6836
2023-12-04,326500.5825
2023-12-05,326603.8286
2023-12-06,328241.6728
2023-12-07,328684.254
2023-12-08,330962.408
2023-12-11,331888.5564
2023-12-12,336564.3577
2023-12-13,335826.1307
2023-12-14,335856.7797
2023-12-15,336824.7397
2023-12-18,339562.148
2023-12-19,334984.4407
2023-12-20,339323.8022
2023-12-21,340229.5365
2023-12-22,341070.3191
2023-12-26,341415.4427
2023-12-27,341691.9487
2023-12-28,340802.8351
2023-12-29,336802.4239
2024-01-02,331212.4325
2024-01-03,331425.8986
2024-01-04,331000.921
2024-01-05,333507.5108
2024-01-08,331405.5168
2024-01-09,331189.4347
2024-01-10,330115.3141
2024-01-11,330260.1335
2024-01-12,324922.3674
2024-01-16,323816.1886
2024-01-17,326530.9978
2024-01-18,328105.3485
2024-01-19,329033.345
2024-01-22,328651.0035
2024-01-23,327198.367
2024-01-24,331940.9269
2024-01-25,332197.6226
2024-01-26,335170.9044
2024-01-29,335812.1443
2024-01-30,333321.8366
2024-01-31,336248.3234
2024-02-01,337439.1666
2024-02-02,334475.5637
2024-02-05,336078.8049
2024-02-06,336732.5049
2024-02-07,339760.571
2024-02-08,340108.5656
2024-02-09,341758.1679
2024-02-12,338016.8119
2024-02-13,340501.5307
2024-02-14,343730.7514
2024-02-15,341087.6183
2024-02-16,339639.4782
2024-02-20,338566.8293
2024-02-21,348409.3049
2024-02-22,348798.1802
2024-02-23,347673.719
2024-02-26,347275.7813
2024-02-27,346192.1941
2024-02-28,346464.5566
2024-02-29,345898.4997
2024-03-01,344476.628
2024-03-04,340717.511
2024-03-05,341438.2099
2024-03-06,342630.6941
2024-03-07,343798.9683
2024-03-08,341179.9747
2024-03-11,345485.7739
2024-03-12,344668.8829
2024-03-13,342060.7184
2024-03-14,340751.4193
2024-03-15,342864.2578
2024-03-18,346158.215
2024-03-19,349157.1787
2024-03-20,349766.4001
2024-03-21,349310.178
2024-03-22,346833.9987
2024-03-25,346534.4801
2024-03-26,350040.6429
2024-03-27,350406.3442
2024-03-28,347759.9154
2024-04-01,342856.8305
2024-04-02,342373.5948
2024-04-03,337318.8544
2024-04-04,340945.9581
2024-04-05,340599.6862
2024-04-08,341061.7504
2024-04-09,338377.0098
2024-04-10,338786.109
2024-04-11,335479.7983
2024-04-12,334182.4398
2024-04-15,333743.8827
2024-04-16,333882.6316
2024-04-17,333440.9607
2024-04-18,332010.7424
2024-04-19,335652.9713
2024-04-22,337076.5845
2024-04-23,337526.85
2024-04-24,337325.699
2024-04-25,339194.6399
2024-04-26,340431.7778
2024-04-29,335697.9026
2024-04-30,336096.8829
2024-05-01,340230.5186
2024-05-02,340227.8484
2024-05-03,342477.1519
2024-05-06,342380.4414
2024-05-07,344532.2011
2024-05-08,347019.8313
2024-05-09,348488.1256
2024-05-10,348272.0641
2024-05-13,348562.3985
2024-05-14,351232.8166
2024-05-15,355237.6265
2024-05-16,355564.685
2024-05-17,354914.1405
2024-05-20,355956.1843
2024-05-21,354217.5797
2024-05-22,349897.5582
2024-05-23,350421.0452
2024-05-24,347817.8283
2024-05-28,345011.9503
2024-05-29,347091.8694
2024-05-30,351678.5354
2024-05-31,353273.6988
2024-06-03,354053.7527
2024-06-04,354138.6252
2024-06-05,355079.5901
2024-06-06,354841.2612
2024-06-07,355624.7435
2024-06-10,355524.6143
2024-06-11,355745.172
2024-06-12,354831.103
2024-06-13,354411.9134
2024-06-14,357159.3832
2024-06-17,358868.9689
2024-06-18,360732.3933
2024-06-20,359783.0555
2024-06-21,362461.0846
2024-06-24,362503.4237
2024-06-25,363321.2452
2024-06-26,363538.7053
2024-06-27,362627.6816
2024-06-28,365531.1734
2024-07-01,365988.0104
2024-07-02,367661.7047
2024-07-03,368613.8485
2024-07-05,370420.8468
2024-07-08,369767.4657
2024-07-09,373764.1819
2024-07-10,372715.0909
2024-07-11,374109.812
2024-07-12,373642.4305
2024-07-15,378514.2924
2024-07-16,376924.8503
2024-07-17,372888.4881
2024-07-18,372857.5362
2024-07-19,374785.9732
2024-07-22,374181.491
2024-07-23,371143.3325
2024-07-24,372717.2552
2024-07-25,375079.2317
2024-07-26,375802.7012
2024-07-29,376195.8531
2024-07-30,381216.0238
2024-07-31,383338.2248
2024-08-01,372864.9415
2024-08-02,363790.7987
2024-08-05,367386.4223
2024-08-06,368015.1604
2024-08-07,376277.0413
2024-08-08,375975.2271
2024-08-09,374903.766
2024-08-12,378823.2248
2024-08-13,381003.2232
2024-08-14,390824.6101
2024-08-15,392788.9057
2024-08-16,395212.171
2024-08-19,394338.1822
2024-08-20,395971.8243
2024-08-21,395319.1923
2024-08-22,401347.7382
2024-08-23,402229.159
2024-08-26,402223.4318
2024-08-27,399847.608
2024-08-28,399231.1844
2024-08-29,402581.8563
2024-08-30,397342.8554
2024-09-03,396037.3088
2024-09-04,396628.2182
2024-09-05,392330.5345
2024-09-06,400035.5359
2024-09-09,400554.5032
2024-09-10,402579.7015
2024-09-11,404414.7701
2024-09-12,406093.7955
2024-09-13,406828.7581
2024-09-16,405398.0678
2024-09-17,404229.0536
2024-09-18,409236.3538
2024-09-19,411151.103
2024-09-20,411850.1738
2024-09-23,412528.3279
2024-09-24,408039.7561
2024-09-25,410928.1878
2024-09-26,412260.3173
2024-09-27,412317.9711
2024-09-30,412146.0948
2024-10-01,414757.4137
2024-10-02,411175.6972
2024-10-03,416003.6363
2024-10-04,412408.2485
2024-10-07,415402.2492
2024-10-08,418939.0524
2024-10-09,417971.6703
2024-10-10,421290.3917
2024-10-11,425008.0143
2024-10-14,427207.5715
2024-10-15,435667.1886
2024-10-16,435705.002
2024-10-17,435805.0047
2024-10-18,432497.3982
2024-10-21,430585.9587
2024-10-22,427994.3673
2024-10-23,427520.7066
2024-10-24,424490.7183
2024-10-25,429661.848
2024-10-28,429135.1913
2024-10-29,429343.8948
2024-10-30,427435.1984
2024-10-31,433534.1548
2024-11-01,434136.893
2024-11-04,439590.6269
2024-11-05,442777.2085
2024-11-06,447296.5678
2024-11-07,447584.2494
2024-11-08,446584.7492
2024-11-11,442135.4797
2024-11-12,441999.8015
2024-11-13,439674.5028
2024-11-14,436004.0133
2024-11-15,435230.7201
2024-11-18,436577.7021
2024-11-19,437506.0234
2024-11-20,441718.1992
2024-11-21,445670.1783
2024-11-22,448435.8599
2024-11-25,449702.5343
2024-11-26,451515.3937
2024-11-27,453911.9679
2024-11-29,452205.5682
2024-12-02,450974.2374
2024-12-03,451344.7128
2024-12-04,452348.0714
2024-12-05,449589.0349
2024-12-06,449765.4007
2024-12-09,448461.6296
2024-12-10,451413.4504
2024-12-11,451265.6789
2024-12-12,450121.3661
2024-12-13,449471.5709
2024-12-16,448704.5355
2024-12-17,437694.9041
2024-12-18,438230.2483
2024-12-19,443315.3435
2024-12-20,442218.6868
2024-12-23,446494.703
2024-12-24,446840.3359
2024-12-26,442786.2039
2024-12-27,438508.0194
2024-12-30,439493.4093
2024-12-31,438940.6659
2025-01-02,439907.9466
2025-01-03,437036.1837
2025-01-06,435973.6813
2025-01-07,437423.2845
2025-01-08,432362.7561
2025-01-10,435562.9427
2025-01-13,434114.4159
2025-01-14,439260.8144
2025-01-15,437705.624
2025-01-16,442322.1318
2025-01-17,447949.6158
2025-01-21,450574.097
2025-01-22,454727.6626
2025-01-23,452913.5853
2025-01-24,449195.7094
2025-01-27,456370.4877
2025-01-28,458981.5429
2025-01-29,458209.3376
2025-01-30,456326.2686
2025-01-31,453491.5703
2025-02-03,457320.8367
2025-02-04,457657.8196
2025-02-05,452522.0858
2025-02-06,447659.677
2025-02-07,452302.1047
2025-02-10,454333.5423
2025-02-11,452363.7291
2025-02-12,455767.4405
2025-02-13,455819.2489
2025-02-14,456014.1814
2025-02-18,457326.8935
2025-02-19,450759.9672
2025-02-20,438693.0706
2025-02-21,435106.7525
2025-02-24,438229.2066
2025-02-25,439646.9487
2025-02-26,442675.8346
2025-02-27,449133.3688
2025-02-28,448762.0414
2025-03-03,441478.9106
2025-03-04,444982.1816
2025-03-05,444047.5653
2025-03-06,439925.2077
2025-03-07,426472.7324
2025-03-10,425628.2147
2025-03-11,422864.4549
2025-03-12,422540.8395
2025-03-13,431148.4081
2025-03-14,435481.9601
2025-03-17,432102.8118
2025-03-18,436721.2926
2025-03-19,437627.3467
2025-03-20,435405.106
2025-03-21,440343.0721
2025-03-24,435263.5439
2025-03-25,434571.765
2025-03-26,432033.8532
2025-03-27,425797.7794
2025-03-28,426322.4861
2025-03-31,427349.6516
2025-04-01,428702.3507
2025-04-02,427770.157
2025-04-03,403033.7448
2025-04-04,401378.5078
2025-04-07,393044.3887
2025-04-08,427590.2678
2025-04-09,425639.4943
2025-04-10,432241.8164
2025-04-11,435403.9356
2025-04-14,433924.2196
2025-04-15,426772.4103
2025-04-16,427126.8918
2025-04-17,412577.1028
2025-04-21,426052.2668
2025-04-22,425427.5706
2025-04-23,426955.6895
2025-04-24,425960.9273
2025-04-25,426873.5922
2025-04-28,428737.6302
2025-04-29,428864.186
2025-04-30,432384.7421
2025-05-01,434956.1913
2025-05-02,432517.1832
2025-05-05,430080.5708
2025-05-06,432126.6809
2025-05-07,433935.0253
2025-05-08,429896.5208
2025-05-09,441199.1846
2025-05-12,430452.953
2025-05-13,425819.9798
2025-05-14,429771.3292
2025-05-15,434709.0921
2025-05-16,433502.7627
2025-05-19,431736.267
2025-05-20,423994.2665
2025-05-21,424296.483
2025-05-22,423321.4293
2025-05-23,433550.6449
2025-05-27,431092.3184
2025-05-28,431834.7382
2025-05-29,432672.3581
2025-05-30,434423.618
2025-06-02,437265.4212
2025-06-03,435629.9676
2025-06-04,434275.1746
2025-06-05,437964.5191
2025-06-06,437000.0568
2025-06-09,437739.7329
2025-06-10,436152.4394
2025-06-11,436828.5722
2025-06-12,426554.576
2025-06-13,432344.0627
2025-06-16,426842.4453
2025-06-17,426340.0455
2025-06-18,424947.2935
2025-06-20,429150.2366
2025-06-23,434488.5331
2025-06-24,431519.3366
2025-06-25,436310.7973
2025-06-26,439342.6555
2025-06-27,443016.1052
2025-06-30,450171.3589
2025-07-01,449024.0222
2025-07-02,453403.7965
2025-07-03,450457.3747
2025-07-07,448703.061
2025-07-08,447848.3569
2025-07-09,446611.8839
2025-07-10,444669.2222
2025-07-11,445266.1488
2025-07-14,443563.4366
2025-07-15,449016.6523
2025-07-16,452255.4198
2025-07-17,450398.3473
2025-07-18,448619.7515
2025-07-21,450410.3654
2025-07-22,454057.8473
2025-07-23,450283.1273
2025-07-24,452492.2938
2025-07-25,451648.0027
2025-07-28,453651.3988
2025-07-29,451239.3691
2025-07-30,444852.1302
2025-07-31,441768.2119
2025-08-01,447806.0652
2025-08-04,447024.2098
2025-08-05,449014.1501
2025-08-06,446853.4058
2025-08-07,446208.646
2025-08-08,442495.3985
2025-08-11,445146.1909
2025-08-12,449122.5841
2025-08-13,448656.598
2025-08-14,448213.2847
2025-08-15,450838.1658
2025-08-18,452530.8799
2025-08-19,451286.5625
2025-08-20,450609.618
2025-08-21,461114.6542
2025-08-22,456817.9128
2025-08-25,459445.4178
2025-08-26,462025.0955
2025-08-27,461787.375
2025-08-28,464361.2527
2025-08-29,459130.1414
2025-09-02,461238.0271
2025-09-03,463936.0342
2025-09-04,462319.6264
2025-09-05,463661.5123
2025-09-08,464224.628
2025-09-09,461723.3327
2025-09-10,468280.0387
2025-09-11,464787.9776
2025-09-12,464636.2711
2025-09-15,462409.8772
2025-09-16,462658.6661
2025-09-17,464042.6401
2025-09-18,463508.0359
2025-09-19,461367.1694
2025-09-22,461819.4324
2025-09-23,461081.3073
2025-09-24,461973.5923
2025-09-25,464591.0239
2025-09-26,465049.8653
2025-09-29,466086.4946
2025-09-30,461799.4997
2025-10-01,461912.3853
2025-10-02,463834.4513
2025-10-03,463096.5152
2025-10-06,462397.4913
2025-10-07,461487.394
2025-10-08,459814.0758
2025-10-09,450904.8572
2025-10-10,457716.0131
2025-10-13,461729.7296
2025-10-14,461719.123
2025-10-15,460663.2224
2025-10-16,466888.6343
2025-10-17,474503.3716
2025-10-20,476291.2273
2025-10-21,474446.592
2025-10-22,476796.4537
2025-10-23,481451.7694
2025-10-24,481029.8389
2025-10-27,477782.5878
2025-10-28,479603.9263
2025-10-29,477896.3218
2025-10-30,482829.2689
2025-10-31,478472.8084
2025-11-03,475203.3694
2025-11-04,478112.2054
2025-11-05,471615.5828
2025-11-06,473416.8121
2025-11-07,477114.4531
2025-11-10,485656.0541
2025-11-11,487993.48
2025-11-12,485382.1537
2025-11-13,481300.8148
2025-11-14,473898.6451
2025-11-17,468968.2904
2025-11-18,467245.6803
2025-11-19,466166.7426
2025-11-20,468609.1412
2025-11-21,470538.8062
2025-11-24,479200.6328
2025-11-25,481633.4873
2025-11-26,485946.2718
2025-11-28,480369.3573
2025-12-01,486230.7631
2025-12-02,490652.658
2025-12-03,489659.4005
2025-12-04,485844.6514
2025-12-05,479233.6703
2025-12-08,478034.2671
2025-12-09,483930.5151
2025-12-10,488708.8132
2025-12-11,487045.8675
2025-12-12,486016.5863
2025-12-15,485132.9722
2025-12-16,486822.0545
2025-12-17,488821.6405
2025-12-18,487330.9858
2025-12-19,486478.5833
2025-12-22,486414.6294
2025-12-23,489687.1147
2025-12-24,490237.6284
2025-12-26,488194.176
2025-12-29,487055.9628
2025-12-30,483379.969
2025-12-31,481226.9416
2026-01-02,484247.7685
2026-01-05,485505.8113
2026-01-06,483398.0677
2026-01-07,491721.4109
2026-01-08,492190.7542
2026-01-09,488909.2848
2026-01-12,480608.8533
2026-01-13,479782.1566
2026-01-14,483310.0485
2026-01-15,482531.9394
2026-01-16,474187.9688
2026-01-20,480494.2744
2026-01-21,485476.1147
2026-01-22,484622.5693
2026-01-23,487845.8972
2026-01-26,477934.3864
2026-01-27,477111.6173
2026-01-28,480088.8422
2026-01-29,477049.5252
2026-01-30,482379.6475
2026-02-02,478096.7047
2026-02-03,481448.0576
2026-02-04,476263.5135
2026-02-05,486339.9702
2026-02-06,482627.1026
2026-02-09,483329.9437
2026-02-10,480269.4748
2026-02-11,465110.5976
2026-02-12,468726.9129
2026-02-13,471860.5525
2026-02-17,470944.5024
2026-02-18,470530.1961
2026-02-19,471865.5971
2026-02-20,468423.1731
2026-02-23,472698.0302
2026-02-24,473807.9183
2026-02-25,472657.5306
2026-02-26,478523.4281
2026-02-27,480499.8138
2026-03-02,474769.5163
2026-03-03,477569.8219
2026-03-04,473747.5461
2026-03-05,469376.2073
2026-03-06,471832.9938
2026-03-09,471031.1318
2026-03-10,470222.2481
2026-03-11,463300.1546
2026-03-12,464498.396
2026-03-13,469945.5726
2026-03-16,469142.0904
2026-03-17,461184.3453
2026-03-18,457604.0801
2026-03-19,450880.1391
2026-03-20,457417.4249
2026-03-23,451860.8355
2026-03-24,454123.7853
2026-03-25,453580.5736
2026-03-26,443779.1752
2026-03-27,447415.9185
2026-03-30,458769.1324
2026-03-31,455631.2656
2026-04-01,456800.4837
2026-04-02,457200.419
2026-04-06,451731.5012
2026-04-07,461793.531
2026-04-08,460565.5219
2026-04-09,454089.5779
2026-04-10,459086.8171
2026-04-13,459726.394
2026-04-14,458145.279
2026-04-15,460890.4339
2026-04-16,470033.9778
2026-04-17,470159.8052
2026-04-20,463160.4625
2026-04-21,465198.5684
2026-04-22,462446.6142
2026-04-23,465746.6089
2026-04-24,464667.7847
2026-04-27,467996.075
2026-04-28,464420.1818
2026-04-29,467895.6308
2026-04-30,472640.1098
2026-05-01,466071.9459
2026-05-04,471015.938
2026-05-05,480513.6111
2026-05-06,481769.75
2026-05-07,480850.2197
2026-05-08,478852.1827
2026-05-11,477514.9401
2026-05-12,473546.1579
2026-05-13,476583.8486
2026-05-14,472610.4881
2026-05-15,472624.0496
2026-05-18,468739.0863
2026-05-19,477396.478
2026-05-20,478903.325
2026-05-21,479943.2941
2026-05-22,477283.8664
2026-05-26,481901.2296
2026-05-27,481902.442
2026-05-28,480697.7368
2026-05-29,478894.6846
2026-06-01,481174.7392
2026-06-02,471069.2744
2026-06-03,474472.6178
2026-06-04,472989.8794
2026-06-05,473284.4682
2026-06-08,472014.4067
2026-06-09,466430.2325
2026-06-10,481402.6274
2026-06-11,484902.5627
2026-06-12,488061.2048
2026-06-15,487980.2414
2026-06-16,478966.7742
2026-06-17,479449.4818
2026-06-18,479449.4818
